gene_id,rep_symbol,xb_symbol,xb_id
GeneID:100488444,LOC100488444,gpr12,XB-GENE-5793163
GeneID:100489483,btnl10.2,btnl10.2 (prov),XB-GENE-5894679
GeneID:100038306,LOC100038306,XB5805949 [provisional:gjd2],XB-GENE-5805950
GeneID:733539,LOC733539,XB5733004 [provisional],XB-GENE-5733005
GeneID:100486876,LOC100486876,XB5749398 [provisional],XB-GENE-5749399
GeneID:100127564,LOC100127564,XB5953580 [provisional],XB-GENE-5953581
GeneID:100135136,LOC100135136,XB5756113 [provisional],XB-GENE-5756114
GeneID:733811,LOC733811,XB5919442 [provisional],XB-GENE-5919443
GeneID:100488333,LOC100488333,XB5872576 [provisional:acnat1],XB-GENE-5872577
GeneID:100380149,axin2,axin2l,XB-GENE-6449828
GeneID:733876,rbm12b,rbm12b.1,XB-GENE-22063327
GeneID:100495837,LOC100495837,cnfn.4,XB-GENE-22064335
GeneID:100489771,LOC100489771,kcnj9,XB-GENE-25875121
GeneID:100493742,LOC100493742,XB991286 [provisional:pkn1],XB-GENE-991287
GeneID:100486324,c8h14orf39,c14orf39,XB-GENE-1000744
GeneID:100494167,mhc100494167,mhc1-uea,XB-GENE-22167951
GeneID:100486069,scrt1,scrt2,XB-GENE-5995512
GeneID:548444,MGC107876,mgc107876,XB-GENE-5761426
GeneID:733556,LOC733556,XB5734924 [provisional],XB-GENE-5734925
GeneID:448006,MGC69493,mgc69493,XB-GENE-485728
GeneID:100495652,LOC100495652,XB5960368 [provisional:eva1c],XB-GENE-5960369
GeneID:100487982,LOC100487982,XB5829846 [provisional:mfsd1],XB-GENE-5829847
GeneID:100144286,LOC100144286,XB5730431 [provisional],XB-GENE-5730432
GeneID:100145423,msra,msra.1,XB-GENE-1011250
GeneID:100496212,KIAA1217,kiaa1217,XB-GENE-6048493
GeneID:100145149,LOC100145149,XB5852426 [provisional:aprt],XB-GENE-5852427
GeneID:493450,surf4,surf4.1,XB-GENE-5807555
GeneID:496456,kdelr1,kdelr2,XB-GENE-943535
GeneID:100488828,LOC100488828,XB22062446 [provisional],XB-GENE-22062447
GeneID:100492352,LOC100492352,XB940382 [provisional],XB-GENE-940383
GeneID:100494621,XB5897271,XB5897271 [provisional],XB-GENE-5897272
GeneID:100145323,LOC100145323,XB5769266 [provisional],XB-GENE-5769267
GeneID:448371,MGC89248,mgc89248,XB-GENE-5902365
GeneID:100492885,LOC100492885,XB5813854 [provisional:ankrd52],XB-GENE-5813855
GeneID:100498551,cxcl8,cxcl8a.1,XB-GENE-6257608
GeneID:100494487,LOC100494487,XB5951253 [provisional:mov10],XB-GENE-5951254
GeneID:100495603,LOC100495603,XB5795725 [provisional],XB-GENE-5795726
GeneID:100487453,mttp,mttp.1,XB-GENE-1011748
GeneID:100379787,KIAA0753,kiaa0753,XB-GENE-1000497
GeneID:100486185,LOC100486185,XB5957062 [provisional:plekha3],XB-GENE-5957063
GeneID:100135146,LOC100135146,XB5894820 [provisional],XB-GENE-5894821
GeneID:100494740,LOC100494740,abcb1 (provisional),XB-GENE-950725
GeneID:733945,LOC733945,XB5722382 [provisional],XB-GENE-5722383
GeneID:733570,LOC733570,XB5720005 [provisional:nfam1],XB-GENE-5720006
GeneID:548655,LOC548655,XB5901009 [provisional],XB-GENE-5901010
GeneID:100488224,LOC100488224,XB5772961 [provisional],XB-GENE-5772962
GeneID:100485015,LOC100485015,XB22064855 [provisional:znf300],XB-GENE-22064856
GeneID:100498371,LOC100498371,XB5959262 [provisional:lbh],XB-GENE-5959263
GeneID:100144983,LOC100144983,XB5958875 [provisional],XB-GENE-5958876
GeneID:496550,ocm4,ocm4.1,XB-GENE-22065763
GeneID:100487911,or52p1,or52p1l [provisional],XB-GENE-22167967
GeneID:100489554,shisa1,shisa1.1,XB-GENE-5937787
GeneID:550017,slc66a2,slc66a2.1,XB-GENE-988363
GeneID:100144966,LOC100144966,XB5772073 [provisional:srpk1],XB-GENE-5772074
GeneID:100216141,LOC100216141,XB5992703 [provisional],XB-GENE-5992704
GeneID:100489238,LOC100489238,XB1010452 [provisional],XB-GENE-1010453
GeneID:100135349,LOC100135349,XB5798883 [provisional],XB-GENE-5798884
GeneID:100127794,LOC100127794,XB5937757 [provisional],XB-GENE-5937758
GeneID:100495408,LOC100495408,XB5867546 [provisional],XB-GENE-5867547
GeneID:105945420,vgf,sprr3,XB-GENE-22069203
GeneID:116409818,LOC116409818,b3galt2l.11,XB-GENE-29072332
GeneID:100495258,LOC100495258,XB1001290 [provisional:golgb1],XB-GENE-1001291
GeneID:100492010,LOC100492010,XB5886923 [provisional:hcar2],XB-GENE-5886924
GeneID:733561,LOC733561,XB5731801 [provisional],XB-GENE-5731802
GeneID:100492351,v2ra26,rgd1566381,XB-GENE-920180
GeneID:448579,LOC448579,dhdh-like.1,XB-GENE-968486
GeneID:100494546,LOC100494546,XB986526 [provisional:hsd3b7],XB-GENE-986527
GeneID:100493399,LOC100493399,XB991164 [provisional:a4galt],XB-GENE-991165
GeneID:100498278,stat3,stat3.1,XB-GENE-481047
GeneID:108646249,LOC108646249,b3galt2l.10,XB-GENE-29072377
GeneID:100216020,LOC100216020,XB5970036 [provisional],XB-GENE-5970037
GeneID:100145049,MGC86483,mgc86483,XB-GENE-22169482
GeneID:549175,uhrf1bp1,bltp3a,XB-GENE-920777
GeneID:100135382,LOC100135382,XB5961369 [provisional:plpp3],XB-GENE-5961370
GeneID:733726,LOC733726,XB5959819 [provisional],XB-GENE-5959820
GeneID:100145763,LOC100145763,XB5767034 [provisional],XB-GENE-5767035
GeneID:779842,MGC147117,mgc147117,XB-GENE-5918131
GeneID:100125002,fam189b,entrep3,XB-GENE-939998
GeneID:100135120,LOC100135120,XB5729191 [provisional],XB-GENE-5729192
GeneID:100490253,LOC100490253,XB5730951 [provisional],XB-GENE-5730952
GeneID:100485792,LOC100485792,XB5900382 [provisional:myh3],XB-GENE-5900383
GeneID:100127722,LOC100127722,XB5812873 [provisional],XB-GENE-5812874
GeneID:100144969,LOC100144969,XB5936512 [provisional],XB-GENE-5936513
GeneID:100493491,LOC100493491,XB5752756 [provisional:thap1],XB-GENE-5752757
GeneID:100490052,LOC100490052,slc6a7l,XB-GENE-29072353
GeneID:100490139,LOC100490139,XB986811 [provisional:ctsk],XB-GENE-986812
GeneID:100170429,LOC100170429,XB5899551 [provisional],XB-GENE-5899552
GeneID:548351,LOC548351,XB5731323 [provisional],XB-GENE-5731324
GeneID:100170420,LOC100170420,XB5909790 [provisional],XB-GENE-5909791
GeneID:100493626,LOC100493626,XB5879808 [provisional:vmn2r26],XB-GENE-5879809
GeneID:448006,MGC69493,mgc69493,XB-GENE-485728
GeneID:100493299,LOC100493299,XB5899916 [provisional:tm4sf5],XB-GENE-5899917
GeneID:734032,zar1l,zar2,XB-GENE-5931039
GeneID:100496220,LOC100496220,XB5729910 [provisional],XB-GENE-5729911
GeneID:100493251,LOC100493251,XB22065091 [provisional:unc93a],XB-GENE-22065092
GeneID:100492462,LOC100492462,XB5997626 [provisional:urgcp],XB-GENE-5997627
GeneID:548950,rnf220,rnf220.1,XB-GENE-485089
GeneID:100490896,azgp1,azgp1 (provisional),XB-GENE-5894693
GeneID:549635,tbc1d20,tbc1d20.1,XB-GENE-963355
GeneID:496746,LOC496746,XB5758585 [provisional],XB-GENE-5758586
GeneID:100302393,rcvrn,rcvrn.1,XB-GENE-973335
GeneID:100486659,haus3,haus3.1,XB-GENE-25874531
GeneID:100489326,LOC100489326,art5l.2,XB-GENE-5799089
GeneID:100135389,LOC100135389,XB5862139 [provisional:mal],XB-GENE-5862140
GeneID:780138,MGC147475,mgc147475,XB-GENE-5872932
GeneID:100497030,LOC100497030,XB5822195 [provisional],XB-GENE-5822196
GeneID:100158544,LOC100158544,XB5950141 [provisional],XB-GENE-5950142
GeneID:100496420,opnpl,opnpl (provisional),XB-GENE-22168633
GeneID:100493164,LOC100493164,XB5730473 [provisional],XB-GENE-5730474
GeneID:100485581,LOC100485581,XB940394 [provisional],XB-GENE-940395
GeneID:100494087,mypop2,mypop2 (provisional),XB-GENE-22169523
GeneID:100485652,LOC100485652,b3galt2l.13,XB-GENE-29072385
GeneID:100495756,LOC100495756,XB5727280 [provisional],XB-GENE-5727281
GeneID:100498162,LOC100498162,XB5728872 [provisional],XB-GENE-5728873
GeneID:100497555,LOC100497555,XB5721690 [provisional],XB-GENE-5721691
GeneID:100145250,LOC100145250,XB5762451 [provisional],XB-GENE-5762452
GeneID:100124771,LOC100124771,XB5729271 [provisional],XB-GENE-5729272
GeneID:100485167,LOC100485167,mhc1-uca,XB-GENE-29072272
GeneID:549154,LOC549154,XB5931222 [provisional],XB-GENE-5931223
GeneID:100489267,LOC100489267,XB5969542 [provisional:b3gnt7],XB-GENE-5969543
GeneID:100497697,KIAA1549L,kiaa1549l,XB-GENE-6258146
GeneID:100145533,LOC100145533,XB5842389 [provisional],XB-GENE-5842390
GeneID:100493569,LOC100493569,XB5903316 [provisional:slc66a1],XB-GENE-5903317
GeneID:100170425,LOC100170425,XB5807236 [provisional],XB-GENE-5807237
GeneID:733811,LOC733811,XB5919442 [provisional],XB-GENE-5919443
GeneID:100488030,LOC100488030,XB5964270 [provisional:fbxw7],XB-GENE-5964271
GeneID:100487332,LOC100487332,XB5772270 [provisional:trim25],XB-GENE-5772271
GeneID:733735,LOC733735,XB5748694 [provisional:cdc42ep4],XB-GENE-5748695
GeneID:100144947,LOC100144947,XB5949738 [provisional],XB-GENE-5949739
GeneID:105945493,nxpe3l,nxpe3l.1,XB-GENE-22064979
GeneID:100127791,ppp1r3c.1,ppp1r3c,XB-GENE-969181
GeneID:100127826,LOC100127826,XB5873751 [provisional],XB-GENE-5873752
GeneID:100490164,LOC100490164,XB5836481 [provisional:trim7],XB-GENE-5836482
GeneID:100495542,LOC100495542,mhc1-uba16.3,XB-GENE-29072284
GeneID:780086,MGC147226,mgc147226,XB-GENE-5822220
GeneID:100145743,LOC100145743,XB5732280 [provisional],XB-GENE-5732281
GeneID:100145002,LOC100145002,XB5749127 [provisional],XB-GENE-5749128
GeneID:100490316,LOC100490316,XB22062450 [provisional],XB-GENE-22062451
GeneID:733880,LOC733880,XB5745512 [provisional],XB-GENE-5745513
GeneID:100491633,LOC100491633,XB5759208 [provisional],XB-GENE-5759209
GeneID:100489483,btnl10.2,btnl10.2 (prov),XB-GENE-5894679
GeneID:448362,MGC89221,mgc89221,XB-GENE-5851163
GeneID:100038088,smad4.1,smad4,XB-GENE-485691
GeneID:100496644,LOC100496644,XB5723376 [provisional],XB-GENE-5723377
GeneID:594909,LOC594909,cdc42se2l,XB-GENE-5957486
GeneID:100489386,LOC100489386,XB5884357 [provisional],XB-GENE-5884358
GeneID:100135246,LOC100135246,XB5904899 [provisional],XB-GENE-5904900
GeneID:779564,LOC779564,XB5797209 [provisional:car15],XB-GENE-5797210
GeneID:100487226,npbwr2,npbwr1,XB-GENE-984596
GeneID:779503,slc25a20l,slc25a20.2,XB-GENE-5944561
GeneID:100127658,LOC100127658,XB940377 [provisional],XB-GENE-940378
GeneID:733758,LOC733758,XB5722075 [provisional],XB-GENE-5722076
GeneID:100135231,LOC100135231,XB5872520 [provisional],XB-GENE-5872521
GeneID:100494424,LOC100494424,XB5870673 [provisional],XB-GENE-5870674
GeneID:448108,MGC69309,mgc69309,XB-GENE-5903348
GeneID:100494793,LOC100494793,XB5786944 [provisional:lnx2],XB-GENE-5786945
GeneID:100497169,LOC100497169,XB940412 [provisional],XB-GENE-940413
GeneID:548945,LOC548945,XB5763442 [provisional:chia],XB-GENE-5763443
GeneID:733765,LOC733765,XB5922676 [provisional:cav3],XB-GENE-5922677
GeneID:100145165,LOC100145165,XB5809687 [provisional],XB-GENE-5809688
GeneID:100145065,wdr88l,wdr88l (provisional),XB-GENE-22166268
GeneID:100124771,LOC100124771,XB5729271 [provisional],XB-GENE-5729272
GeneID:100492375,LOC100492375,XB5907743 [provisional],XB-GENE-5907744
GeneID:780277,LOC780277,XB5812267 [provisional],XB-GENE-5812268
GeneID:100486056,LOC100486056,XB5896327 [provisional:trim25],XB-GENE-5896328
GeneID:100492150,st3gal2,st3gal2.1,XB-GENE-963532
GeneID:100498261,phka2,phka1p1,XB-GENE-1012252
GeneID:100494383,LOC100494383,XB6462649 [provisional:ccdc92],XB-GENE-6462650
GeneID:101731566,znf783,znf783 (provisional),XB-GENE-22065602
GeneID:100485989,LOC100485989,XB5817984 [provisional:opn1sw],XB-GENE-5817985
GeneID:780342,MGC145260,mgc145260,XB-GENE-5936556
GeneID:100489788,LOC100489788,XB5953084 [provisional:kif20a],XB-GENE-5953085
GeneID:100495544,LOC100495544,fcrl4,XB-GENE-5897232
GeneID:100145161,LOC100145161,XB5727064 [provisional],XB-GENE-5727065
GeneID:101734778,LOC101734778,spaca5,XB-GENE-22063311
GeneID:594891,LOC594891,XB5880825 [provisional:samd9l],XB-GENE-5880826
GeneID:100489054,LOC100489054,gpr151,XB-GENE-22166512
GeneID:100489276,LOC100489276,XB5806301 [provisional:pinlyp],XB-GENE-5806302
GeneID:100135367,LOC100135367,XB941699 [provisional],XB-GENE-941700
GeneID:100497124,LOC100497124,XB994602 [provisional:prlhr],XB-GENE-994603
GeneID:100497556,LOC100497556,XB5863530 [provisional],XB-GENE-5863531
GeneID:779842,MGC147117,mgc147117,XB-GENE-5918131
GeneID:100216114,LOC100216114,XB5960519 [provisional],XB-GENE-5960520
GeneID:100490936,tecta,tecta.1,XB-GENE-1011878
GeneID:100491947,hcar2,hcar3,XB-GENE-960954
GeneID:733735,LOC733735,XB5748694 [provisional:cdc42ep4],XB-GENE-5748695
GeneID:100492899,LOC100492899,kcnj20 (provisional),XB-GENE-25875140
GeneID:100380178,LOC100380178,b3galt2l.12,XB-GENE-29072328
GeneID:448108,MGC69309,mgc69309,XB-GENE-5903348
GeneID:101733245,trim39l,trim39l.1,XB-GENE-22167849
GeneID:108644486,LOC108644486,mhc1-uba4,XB-GENE-29072280
GeneID:100533180,palm2,palm2akap2,XB-GENE-961312
GeneID:100145155,LOC100145155,XB5947713 [provisional],XB-GENE-5947714
GeneID:100145442,LOC100145442,XB5760648 [provisional:pinlyp],XB-GENE-5760649
GeneID:100485051,LOC100485051,XB996291 [provisional],XB-GENE-996292
GeneID:100145011,LOC100145011,XB5866417 [provisional],XB-GENE-5866418
GeneID:100127805,LOC100127805,XB5885669 [provisional],XB-GENE-5885670
GeneID:100495517,LOC100495517,XB5870707 [provisional],XB-GENE-5870708
GeneID:100498074,LOC100498074,wnt7a,XB-GENE-5901654
GeneID:100124842,LOC100124842,XB5957220 [provisional],XB-GENE-5957221
GeneID:548351,LOC548351,XB5731323 [provisional],XB-GENE-5731324
GeneID:100127596,LOC100127596,sun3l,XB-GENE-5868339
GeneID:100491139,trim2l,trim26,XB-GENE-6257461
GeneID:100494072,LOC100494072,XB5721655 [provisional],XB-GENE-5721656
GeneID:548945,LOC548945,XB5763442 [provisional:chia],XB-GENE-5763443
GeneID:100496633,LOC100496633,XB5913776 [provisional:atpsckmt],XB-GENE-5913777
GeneID:100492804,LOC100492804,XB22041735 [provisional:rnf220],XB-GENE-22041736
GeneID:100170432,LOC100170432,XB5816429 [provisional:mecr],XB-GENE-5816430
GeneID:100486434,LOC100486434,XB5891720 [provisional],XB-GENE-5891721
GeneID:100170425,LOC100170425,XB5807236 [provisional],XB-GENE-5807237
GeneID:100127659,LOC100127659,XB5765667 [provisional],XB-GENE-5765668
GeneID:100496651,LOC100496651,loc100496651,XB-GENE-22065713
GeneID:100145348,LOC100145348,XB5852574 [provisional:crp],XB-GENE-5852575
GeneID:100494289,prss8l.5,prss8l.5 (provisional),XB-GENE-22167980
GeneID:100135138,LOC100135138,XB5843130 [provisional],XB-GENE-5843131
GeneID:100491166,LOC100491166,gdpd5 (provisional),XB-GENE-877239
GeneID:394487,MGC75753,mgc75753,XB-GENE-5849780
GeneID:100216027,LOC100216027,XB5994047 [provisional],XB-GENE-5994048
GeneID:100170467,KIAA1958,kiaa1958,XB-GENE-5969966
GeneID:447994,MGC69416,mgc69416,XB-GENE-5870754
GeneID:100486385,LOC100486385,XB22041731 [provisional],XB-GENE-22041732
GeneID:493235,MGC79670,mgc79670,XB-GENE-5802720
GeneID:100490530,LOC100490530,XB5871767 [provisional:gatd3b],XB-GENE-5871768
GeneID:100144286,LOC100144286,XB5730431 [provisional],XB-GENE-5730432
GeneID:100486056,LOC100486056,XB5896327 [provisional:trim25],XB-GENE-5896328
GeneID:100498261,phka2,phka1p1,XB-GENE-1012252
GeneID:100135183,slc15al,slc51a-like.1,XB-GENE-5838770
GeneID:100145035,LOC100145035,XB5864909 [provisional:rnf170],XB-GENE-5864910
GeneID:780261,mtss1,mtss1.1,XB-GENE-1013322
GeneID:100497495,LOC100497495,stk35 (provisional),XB-GENE-956056
GeneID:100145612,KIAA1328,kiaa1328,XB-GENE-5799169
GeneID:100492579,LOC100492579,XB5735880 [provisional],XB-GENE-5735881
GeneID:100145541,LOC100145541,XB5919979 [provisional:cyp2c55],XB-GENE-5919980
GeneID:619585,MGC108322,mgc108322,XB-GENE-5870806
GeneID:100497109,LOC100497109,abhd15,XB-GENE-6041446
GeneID:100495568,LOC100495568,XB5960628 [provisional:trim7],XB-GENE-5960629
GeneID:100135070,LOC100135070,XB5802730 [provisional rab10l],XB-GENE-5802731
GeneID:613112,MGC108497,mgc108497,XB-GENE-5956566
GeneID:100487575,LOC100487575,XB22065716 [provisional],XB-GENE-22065717
GeneID:100170549,LOC100170549,XB5969698 [provisional:lamb4],XB-GENE-5969699
GeneID:734009,LOC734009,XB5726464 [provisional:zfp36l1],XB-GENE-5726465
GeneID:105947317,LOC105947317,post14,XB-GENE-22166194
GeneID:100125068,gsg1lr,gsg1l,XB-GENE-5832503
GeneID:100127682,LOC100127682,XB5944457 [provisional],XB-GENE-5944458
GeneID:595009,MGC108429,mgc108429,XB-GENE-5783434
GeneID:100216128,LOC100216128,XB5961956 [provisional],XB-GENE-5961957
GeneID:100145428,LOC100145428,XB5740125 [provisional:tspan3],XB-GENE-5740126
GeneID:100490720,LOC100490720,XB5799637 [provisional:gabrp],XB-GENE-5799638
GeneID:100124813,KIAA2013,kiaa2013,XB-GENE-955403
GeneID:100486031,LOC100486031,XB5727110 [provisional:kcnk16],XB-GENE-5727111
GeneID:496665,LOC496665,XB5742360 [provisional:apcs],XB-GENE-5742361
GeneID:100125201,kcnj9,kcnj22 (provisional),XB-GENE-5906252
GeneID:100497443,LOC100497443,XB5892359 [provisional:acr],XB-GENE-5892360
GeneID:733855,LOC733855,XB5759442 [provisional],XB-GENE-5759443
GeneID:100496844,LOC100496844,XB5814630 [provisional:inmt],XB-GENE-5814631
GeneID:100486640,LOC100486640,XB990656 [provisional:adam9],XB-GENE-990657
GeneID:100145527,LOC100145527,XB5885308 [provisional:ncoa5],XB-GENE-5885309
GeneID:100488177,LOC100488177,XB5913531 [provisional:mfap4],XB-GENE-5913532
GeneID:734128,LOC734128,XB5939688 [provisional],XB-GENE-5939689
GeneID:100145045,mapk12l,mapk12l (provisional),XB-GENE-956264
GeneID:100491629,LOC100491629,XB22061511 [provisional],XB-GENE-22061512
GeneID:100486850,LOC100486850,XB5725480 [provisional],XB-GENE-5725481
GeneID:101733959,LOC101733959,b3galt2l.8,XB-GENE-29072344
GeneID:394505,slc5a8,slc5a8.1,XB-GENE-479634
GeneID:496458,rab11b,rab11b.1,XB-GENE-491174
GeneID:100497030,LOC100497030,XB5822195 [provisional],XB-GENE-5822196
GeneID:100145324,stra6l,stra6l.1,XB-GENE-988722
GeneID:100127659,LOC100127659,XB5765667 [provisional],XB-GENE-5765668
GeneID:733928,LOC733928,XB5799681 [provisional:znf26],XB-GENE-5799682
GeneID:100497395,LOC100497395,XB5832479 [provisional:cdc25c],XB-GENE-5832480
GeneID:100145105,LOC100145105,XB5762393 [provisional:trim25],XB-GENE-5762394
GeneID:100379825,ltc4s,ltc4s.1,XB-GENE-5765041
GeneID:733551,LOC733551,XB5723326 [provisional],XB-GENE-5723327
GeneID:394709,MGC76132,mgc76132,XB-GENE-5756459
GeneID:779553,LOC779553,XB5835757 [provisional],XB-GENE-5835758
GeneID:100144947,LOC100144947,XB5949738 [provisional],XB-GENE-5949739
GeneID:496764,LOC496764,XB5810166 [provisional],XB-GENE-5810167
GeneID:100497555,LOC100497555,XB5721690 [provisional],XB-GENE-5721691
GeneID:100497391,LOC100497391,XB5906919 [provisional:mccc2],XB-GENE-5906920
GeneID:493382,LOC493382,polr3e.1,XB-GENE-22060541
GeneID:100136946,LOC100136946,XB5783657 [provisional:trim25],XB-GENE-5783658
GeneID:100135367,LOC100135367,XB941699 [provisional],XB-GENE-941700
GeneID:100496061,LOC100496061,XB5873314 [provisional:rab32],XB-GENE-5873315
GeneID:100493771,LOC100493771,XB5764007 [provisional:ggt1],XB-GENE-5764008
GeneID:100145165,LOC100145165,XB5809687 [provisional],XB-GENE-5809688
GeneID:594965,MGC107841,mgc107841,XB-GENE-5779684
GeneID:448527,MGC79752,mgc79752,XB-GENE-5820599
GeneID:100145323,LOC100145323,XB5769266 [provisional],XB-GENE-5769267
GeneID:100124783,LOC100124783,XB5843935 [provisional:kctd12],XB-GENE-5843936
GeneID:100493455,LOC100493455,zfyve28b,XB-GENE-25919023
GeneID:100145417,KIAA1191,kiaa1191,XB-GENE-991069
GeneID:100491211,LOC100491211,loc100491211,XB-GENE-5953489
GeneID:100498371,LOC100498371,XB5959262 [provisional:lbh],XB-GENE-5959263
GeneID:100125120,prpf39,prpf39.1,XB-GENE-994634
GeneID:100485546,slc7a2,slc7a2.1,XB-GENE-994549
GeneID:101732799,LOC101732799,b3galt2l.9,XB-GENE-29072324
GeneID:100486760,pkhd1l1,pkhd1l1.1,XB-GENE-484385
GeneID:100145084,LOC100145084,XB5798854 [provisional],XB-GENE-5798855
GeneID:100216133,LOC100216133,XB5993457 [provisional:aqp4],XB-GENE-5993458
GeneID:395012,kdelr2,kdelr1,XB-GENE-941343
GeneID:100491461,prss27.3,prss27.3 (provisional),XB-GENE-5892934
GeneID:100491172,LOC100491172,XB5960289 [provisional:fcrl4],XB-GENE-5960290
GeneID:100124842,LOC100124842,XB5957220 [provisional],XB-GENE-5957221
GeneID:100485462,LOC100485462,c10h1orf198,XB-GENE-996621
GeneID:100124990,LOC100124990,XB5822256 [provisional:cdc42ep2],XB-GENE-5822257
GeneID:549154,LOC549154,XB5931222 [provisional],XB-GENE-5931223
GeneID:100491805,LOC100491805,XB996286 [provisional:npy4r],XB-GENE-996287
GeneID:100145285,LOC100145285,XB5935727 [provisional],XB-GENE-5935728
GeneID:100496982,LOC100496982,XB5796356 [provisional],XB-GENE-5796357
GeneID:100145027,LOC100145027,XB5907626 [provisional:fabp1],XB-GENE-5907627
GeneID:100485866,wfdc8l,wfdc8l (provisional),XB-GENE-22169519
GeneID:100488256,LOC100488256,XB6050834 [provisional:igfals],XB-GENE-6050835
GeneID:108648266,LOC108648266,tap1,XB-GENE-486762
GeneID:548369,LOC548369,XB5734592 [provisional],XB-GENE-5734593
GeneID:100135371,LOC100135371,XB5774338 [provisional],XB-GENE-5774339
GeneID:100497843,KIAA0319,kiaa0319,XB-GENE-6258279
GeneID:100493594,ptprvl,ptprvl (provisional),XB-GENE-22169589
GeneID:100494680,LOC100494680,XB5846730 [provisional:nnmt],XB-GENE-5846731
GeneID:448677,MGC89871,mgc89871,XB-GENE-973579
GeneID:100158459,LOC100158459,XB5956456 [provisional],XB-GENE-5956457
GeneID:100488302,KIAA1456L,trmt9b,XB-GENE-985534
GeneID:100490079,LOC100490079,XB5750836 [provisional],XB-GENE-5750837
GeneID:100496955,XB22169526,XB22169526 [provisional],XB-GENE-22169527
GeneID:100498165,LOC100498165,XB5726391 [provisional],XB-GENE-5726392
GeneID:100486056,LOC100486056,XB5896327 [provisional:trim25],XB-GENE-5896328
GeneID:100497033,LOC100497033,XB995740 [provisional],XB-GENE-995741
GeneID:100496508,LOC100496508,XB5991177 [provisional:fcrl5],XB-GENE-5991178
GeneID:394982,MGC75582,mgc75582,XB-GENE-22063999
GeneID:100486741,LOC100486741,XB5887600 [provisional:cry1],XB-GENE-5887601
GeneID:100485159,LOC100485159,XB983422 [provisional],XB-GENE-983423
GeneID:100491775,slc35a3,slc35a3.1,XB-GENE-1011521
GeneID:100170560,LOC100170560,XB964897 [provisional:lrrc8c],XB-GENE-964898
GeneID:780167,MGC147631,mgc147631,XB-GENE-5814061
GeneID:100496521,top1,top1.1,XB-GENE-950002
GeneID:100496408,mstn,mstn.1,XB-GENE-483324
GeneID:100485015,LOC100485015,XB22064855 [provisional:znf300],XB-GENE-22064856
GeneID:100124812,LOC100124812,XB1000829 [provisional],XB-GENE-1000830
GeneID:100127872,LOC100127872,XB5818974 [provisional],XB-GENE-5818975
GeneID:100497709,LOC100497709,XB5969033 [provisional],XB-GENE-5969034
GeneID:100124950,LOC100124950,XB5870894 [provisional],XB-GENE-5870895
GeneID:548444,MGC107876,mgc107876,XB-GENE-5761426
GeneID:100497264,LOC100497264,XB986081 [provisional:sult2b1],XB-GENE-986082
GeneID:100158544,LOC100158544,XB5950141 [provisional],XB-GENE-5950142
GeneID:733553,LOC733553,XB5812047 [provisional:casp7],XB-GENE-5812048
GeneID:448510,slc22a15,slc22a15.1,XB-GENE-959503
GeneID:733728,LOC733728,XB5893022 [provisional],XB-GENE-5893023
GeneID:100145446,LOC100145446,XB5818699 [provisional:ccdc50],XB-GENE-5818700
GeneID:100489880,LOC100489880,XB1014132 [provisional:ift22],XB-GENE-1014133
GeneID:733556,LOC733556,XB5734924 [provisional],XB-GENE-5734925
GeneID:100127826,LOC100127826,XB5873751 [provisional],XB-GENE-5873752
GeneID:394486,MGC75760,mgc75760,XB-GENE-5936142
GeneID:100496715,neu3,neu3.1,XB-GENE-996645
GeneID:100038139,tdgf1,tdgf1.1,XB-GENE-495111
GeneID:100494211,LOC100494211,XB5848002 [provisional],XB-GENE-5848003
GeneID:100145092,tmem86a,tmem86al,XB-GENE-29072296
GeneID:100145255,LOC100145255,XB5799768 [provisional],XB-GENE-5799769
GeneID:100145751,LOC100145751,XB5942349 [provisional:igsf8],XB-GENE-5942350
GeneID:100492198,vmn2r26,vmn2r26 (provisional),XB-GENE-920344
GeneID:100037837,myof,myof.1,XB-GENE-5957842
GeneID:100495023,ndnfl1.1,ndnf,XB-GENE-22066196
GeneID:100493606,LOC100493606,XB987883 [provisional:muc5b],XB-GENE-987884
GeneID:493382,LOC493382,polr3e.1,XB-GENE-22060541
GeneID:100496550,LOC100496550,XB5962685 [provisional:gzma],XB-GENE-5962686
GeneID:594891,LOC594891,XB5880825 [provisional:samd9l],XB-GENE-5880826
GeneID:100127850,LOC100127850,XB5730115 [provisional],XB-GENE-5730116
GeneID:448677,MGC89871,mgc89871,XB-GENE-973579
GeneID:100488220,or52l1l,or52l1l [provisional],XB-GENE-22167963
GeneID:780256,MGC145685,mgc145685,XB-GENE-5732956
GeneID:100145149,LOC100145149,XB5852426 [provisional:aprt],XB-GENE-5852427
GeneID:100125049,LOC100125049,XB5918805 [provisional:lhfpl3],XB-GENE-5918806
GeneID:100135142,timp1,timp-1,XB-GENE-5797859
GeneID:100497729,LOC100497729,XB5717875 [provisional:plac8],XB-GENE-5717876
GeneID:100496691,LOC100496691,XB5922506 [provisional],XB-GENE-5922507
GeneID:105948375,sprtnl.3,sprtnl.3 (provisional),XB-GENE-22065614
GeneID:780081,MGC146850,mgc146850,XB-GENE-5871338
GeneID:100145515,LOC100145515,XB5793597 [provisional],XB-GENE-5793598
GeneID:100498076,pou5f3,pou5f3.1,XB-GENE-923211
GeneID:100145496,LOC100145496,XB5760632 [provisional:paox],XB-GENE-5760633
GeneID:549097,polr2l,polr2l.1,XB-GENE-1003788
GeneID:116410223,LOC116410223,kcnj21 (provisional),XB-GENE-25875130
GeneID:100489326,LOC100489326,art5l.2,XB-GENE-5799089
GeneID:100144919,LOC100144919,XB5850668 [provisional],XB-GENE-5850669
GeneID:100493020,LOC100493020,XB5964984 [provisional],XB-GENE-5964985
GeneID:101731673,LOC101731673,lag3,XB-GENE-22201046
GeneID:100145174,LOC100145174,XB5789557 [provisional],XB-GENE-5789558
GeneID:100127624,LOC100127624,XB5901519 [provisional:tprg1l],XB-GENE-5901520
GeneID:100486876,LOC100486876,XB5749398 [provisional],XB-GENE-5749399
GeneID:100145470,LOC100145470,XB5829483 [provisional],XB-GENE-5829484
GeneID:100495801,LOC100495801,XB5730291 [provisional],XB-GENE-5730292
GeneID:548655,LOC548655,XB5901009 [provisional],XB-GENE-5901010
GeneID:100490622,LOC100490622,hsd3b1,XB-GENE-995100
GeneID:733932,LOC733932,XB1017155 [provisional],XB-GENE-1017156
GeneID:733495,LOC733495,XB5899797 [provisional],XB-GENE-5899798
GeneID:100135198,LOC100135198,XB5857568 [provisional:apoa1],XB-GENE-5857569
GeneID:100497588,LOC100497588,XB987369 [provisional:prss12],XB-GENE-987370
GeneID:100494793,LOC100494793,XB5786944 [provisional:lnx2],XB-GENE-5786945
GeneID:100125166,LOC100125166,XB5856770 [provisional],XB-GENE-5856771
GeneID:100144987,LOC100144987,XB5961849 [provisional:itpk1],XB-GENE-5961850
GeneID:100496462,LOC100496462,XB5802829 [provisional],XB-GENE-5802830
GeneID:779592,LOC779592,XB5892679 [provisional:cerk],XB-GENE-5892680
GeneID:100490513,LOC100490513,morc3.3,XB-GENE-23659763
GeneID:100038063,slc12a3l,slc12a3,XB-GENE-479312
GeneID:100127180,slc6a14,slc6a14.1,XB-GENE-480827
GeneID:100495557,LOC100495557,XB5762037 [provisional],XB-GENE-5762038
GeneID:780158,tbc1d24,tbc1d24.1,XB-GENE-981681
GeneID:100493271,LOC100493271,XB982628 [provisional:prlhr],XB-GENE-982629
GeneID:100496423,LOC100496423,XB5932841 [provisional:cav2],XB-GENE-5932842
GeneID:100490291,LOC100490291,XB5738351 [provisional:cartpt],XB-GENE-5738352
GeneID:100497020,LOC100497020,XB5721641 [provisional:lpar6],XB-GENE-5721642
GeneID:100492104,c9h16orf71,dnaaf8,XB-GENE-22063498
GeneID:100497751,pebp1,pebp1.1,XB-GENE-22069563
GeneID:100135120,LOC100135120,XB5729191 [provisional],XB-GENE-5729192
GeneID:100487674,xbg100487674,XB22169562 (provisional),XB-GENE-22169563
GeneID:100487874,or5f1l1,or5f1l1.1,XB-GENE-22065208
GeneID:100216148,LOC100216148,XB5992952 [provisional:adpgk],XB-GENE-5992953
GeneID:100488097,LOC100488097,XB5838993 [provisional:chad],XB-GENE-5838994
GeneID:100486282,LOC100486282,XB5843062 [provisional:sult3a1],XB-GENE-5843063
GeneID:100487064,lrfn1,lrfn1.1,XB-GENE-6045969
GeneID:493330,scamp5,scamp5.1,XB-GENE-22061154
GeneID:100144966,LOC100144966,XB5772073 [provisional:srpk1],XB-GENE-5772074
GeneID:100145110,LOC100145110,XB5780651 [provisional],XB-GENE-5780652
GeneID:100487155,trim69,trim69.1,XB-GENE-6462279
GeneID:100145531,LOC100145531,XB5900552 [provisional],XB-GENE-5900553
GeneID:100145496,LOC100145496,XB5760632 [provisional:paox],XB-GENE-5760633
GeneID:100144955,fucolectin,fucolectin-e,XB-GENE-5839288
GeneID:733521,LOC733521,XB5767169 [provisional],XB-GENE-5767170
GeneID:100487024,LOC100487024,XB994497 [provisional],XB-GENE-994498
GeneID:549453,h1-1,h1-10,XB-GENE-5928644
GeneID:448510,slc22a15,slc22a15.1,XB-GENE-959503
GeneID:100496911,LOC100496911,XB6038542 [provisional],XB-GENE-6038543
GeneID:100492299,LOC100492299,XB940087 [provisional],XB-GENE-940088
GeneID:100496808,LOC100496808,XB5722040 [provisional],XB-GENE-5722041
GeneID:100487410,sirt3,sirt3.1,XB-GENE-990389
GeneID:100127789,LOC100127789,XB5821669 [provisional:nnmt],XB-GENE-5821670
GeneID:548759,KIAA1143,kiaa1143,XB-GENE-945448
GeneID:496737,LOC496737,XB5856184 [provisional:crp],XB-GENE-5856185
GeneID:548368,LOC548368,XB5846576 [provisional:nnmt],XB-GENE-5846577
GeneID:100124841,pmt,pmt [provisional],XB-GENE-5904605
GeneID:100495326,LOC100495326,XB5889249 [provisional:tlr1],XB-GENE-5889250
GeneID:100495271,LOC100495271,XB5913757 [provisional:tmem11],XB-GENE-5913758
GeneID:100036663,LOC100036663,XB5952314 (provisional),XB-GENE-5952315
GeneID:548945,LOC548945,XB5763442 [provisional:chia],XB-GENE-5763443
GeneID:100486088,tgm3l,tgm3l.1,XB-GENE-6258365
GeneID:100485537,LOC100485537,XB5852327 [provisional],XB-GENE-5852328
GeneID:779622,med1l,med1,XB-GENE-479809
GeneID:100497460,LOC100497460,XB5880541 [provisional],XB-GENE-5880542
GeneID:100497395,LOC100497395,XB5832479 [provisional:cdc25c],XB-GENE-5832480
GeneID:100497919,npdc1,npdc1.1,XB-GENE-975197
GeneID:100127632,LOC100127632,XB5892895 [provisional],XB-GENE-5892896
GeneID:100488065,LOC100488065,XB940402 [provisional],XB-GENE-940403
GeneID:100497605,LOC100497605,XB22065322 [provisional],XB-GENE-22065323
GeneID:100497855,LOC100497855,XB5892783 [provisional:trpm7],XB-GENE-5892784
GeneID:100144919,LOC100144919,XB5850668 [provisional],XB-GENE-5850669
GeneID:594976,LOC594976,hpd-like.2,XB-GENE-986330
GeneID:734020,LOC734020,XB22063322 [provisional:dnajc3],XB-GENE-22063323
GeneID:101731543,LOC101731543,XB22061515 [provisional],XB-GENE-22061516
GeneID:100486917,tex12,urpta-1,XB-GENE-6485434
GeneID:780305,MGC147172,mgc147172,XB-GENE-5722444
GeneID:100487181,LOC100487181,XB5998702 [provisional:trim25],XB-GENE-5998703
GeneID:100170576,KIAA1210,kiaa1210,XB-GENE-5872817
GeneID:100486858,LOC100486858,XB5962940 [provisional:ctdspl2],XB-GENE-5962941
GeneID:100488328,LOC100488328,ugt3a1,XB-GENE-22069405
GeneID:100497909,LOC100497909,XB5761341 [provisional:muc2],XB-GENE-5761342
GeneID:100135200,KIAA0930,kiaa0930,XB-GENE-979872
GeneID:100490227,LOC100490227,art5l.3,XB-GENE-29072336
GeneID:100498238,LOC100498238,ctss.2,XB-GENE-5914296
GeneID:100494087,mypop2,mypop2 (provisional),XB-GENE-22169523
GeneID:100487104,LOC100487104,XB5920187 [provisional],XB-GENE-5920188
GeneID:100492268,LOC100492268,XB5732857 [provisional:gm15246],XB-GENE-5732858
GeneID:100037837,myof,myof.1,XB-GENE-5957842
GeneID:780026,MGC145330,mgc145330,XB-GENE-5926337
GeneID:100170427,LOC100170427,XB5882685 [provisional:cdca7],XB-GENE-5882686
GeneID:100485635,LOC100485635,XB5727634 [provisional],XB-GENE-5727635
GeneID:100135356,LOC100135356,tmem86a,XB-GENE-1007200
GeneID:100145496,LOC100145496,XB5760632 [provisional:paox],XB-GENE-5760633
GeneID:100486700,or6b1l.5,or6b1l.5 [provisional],XB-GENE-5900544
GeneID:100485231,LOC100485231,btn1a1 (provisional),XB-GENE-22063307
GeneID:100494196,LOC100494196,XB5844514 [provisional:cysltr2],XB-GENE-5844515
GeneID:447994,MGC69416,mgc69416,XB-GENE-5870754
GeneID:100489773,LOC100489773,XB5826631 [provisional:asap2],XB-GENE-5826632
GeneID:595014,pglyrp1l,pglyrp1-like.1,XB-GENE-5778936
GeneID:733730,KIAA2026,kiaa2026,XB-GENE-5953234
GeneID:100496351,LOC100496351,fcrl2,XB-GENE-5904272
GeneID:407870,MGC69353,mgc69353,XB-GENE-5744235
GeneID:733928,LOC733928,XB5799681 [provisional:znf26],XB-GENE-5799682
GeneID:100490476,LOC100490476,XB5952276 [provisional],XB-GENE-5858495
GeneID:100124812,LOC100124812,XB1000829 [provisional],XB-GENE-1000830
GeneID:394774,MGC75872,mgc75872,XB-GENE-5919586
GeneID:100485688,xicof6.1l,xicof6.1l (provisional),XB-GENE-22063319
GeneID:100379934,rasefl,LOC100379934,XB-GENE-5734494
GeneID:100486817,LOC100486817,zar1l,XB-GENE-6049953
GeneID:100493193,LOC100493193,XB5737304 [provisional],XB-GENE-5737305
GeneID:780342,MGC145260,mgc145260,XB-GENE-5936556
GeneID:100135185,LOC100135185,XB5918646 [provisional],XB-GENE-5918647
GeneID:100494818,LOC100494818,XB5788060 [provisional],XB-GENE-5788061
GeneID:100488828,LOC100488828,XB22062446 [provisional],XB-GENE-22062447
GeneID:100494194,LOC100494194,XB5896658 [provisional:stx3],XB-GENE-5896659
GeneID:100127872,LOC100127872,XB5818974 [provisional],XB-GENE-5818975
GeneID:100125201,kcnj9,kcnj22 (provisional),XB-GENE-5906252
GeneID:780256,MGC145685,mgc145685,XB-GENE-5732956
GeneID:100491922,septinl,septinl (provisional),XB-GENE-22169601
GeneID:100491713,LOC100491713,nodal3.2,XB-GENE-6458522
GeneID:101731925,XB22064859,XB22064859 [provisional],XB-GENE-22064860
GeneID:100486862,LOC100486862,XB5900534 [provisional:or56a5],XB-GENE-5900535
GeneID:548474,MGC107969,mgc107969,XB-GENE-5834338
GeneID:394486,MGC75760,mgc75760,XB-GENE-5936142
GeneID:101731874,tmprss2,tmprss2.1,XB-GENE-22065907
GeneID:100497729,LOC100497729,XB5717875 [provisional:plac8],XB-GENE-5717876
GeneID:100498039,LOC100498039,XB5950266 [provisional],XB-GENE-5950267
GeneID:100488454,c3h15orf61,c15orf61,XB-GENE-6034917
GeneID:100492852,LOC100492852,XB5897453 [provisional:fcgbp],XB-GENE-5897454
GeneID:100498255,KIAA0825,kiaa0825,XB-GENE-877130
GeneID:100125092,LOC100125092,XB5817455 [provisional:hs3st1],XB-GENE-5817456
GeneID:493459,MGC89178,mgc89178,XB-GENE-5800529
GeneID:100216185,camkvl,XB22062963 [provisional:camkv],XB-GENE-22062964
GeneID:100495427,LOC100495427,slc2a9,XB-GENE-5883703
GeneID:100036663,LOC100036663,XB5952314 (provisional),XB-GENE-5952315
GeneID:100488265,col11a2,col11a2p1,XB-GENE-876669
GeneID:100487982,LOC100487982,XB5829846 [provisional:mfsd1],XB-GENE-5829847
GeneID:100493194,LOC100493194,XB5761350 [provisional],XB-GENE-5761351
GeneID:100496133,LOC100496133,XB5719931 [provisional],XB-GENE-5719932
GeneID:100485583,LOC100485583,XB990108 [provisional],XB-GENE-990109
GeneID:100485054,LOC100485054,XB5965023 [provisional],XB-GENE-5965024
GeneID:100493076,LOC100493076,XB5836725 [provisional],XB-GENE-5836726
GeneID:100487861,LOC100487861,XB997834 [provisional],XB-GENE-997835
GeneID:100485344,LOC100485344,ptgr1.4,XB-GENE-22069530
GeneID:100491139,trim2l,trim26,XB-GENE-6257461
GeneID:100486640,LOC100486640,XB990656 [provisional:adam9],XB-GENE-990657
GeneID:100158544,LOC100158544,XB5950141 [provisional],XB-GENE-5950142
GeneID:101730653,LOC101730653,crygdl.8,XB-GENE-22169196
GeneID:100127716,LOC100127716,XB5962421 [provisional],XB-GENE-5962422
GeneID:100145331,LOC100145331,XB984297 [provisional:cyp27a1],XB-GENE-984298
GeneID:733728,LOC733728,XB5893022 [provisional],XB-GENE-5893023
GeneID:100144987,LOC100144987,XB5961849 [provisional:itpk1],XB-GENE-5961850
GeneID:100496837,LOC100496837,XB5871033 [provisional:c1galt1],XB-GENE-5871034
GeneID:100485911,KIAA1257,cfap92,XB-GENE-6044987
GeneID:100489221,LOC100489221,XB5863395 [provisional],XB-GENE-5863396
GeneID:734042,LOC734042,XB5727514 [provisional],XB-GENE-5727515
GeneID:100487454,LOC100487454,atp6ap1.1,XB-GENE-952452
GeneID:101730243,LOC101730243,morc3.4,XB-GENE-23659767
GeneID:100487994,npbwr1,npbwr2,XB-GENE-6049691
GeneID:733858,LOC733858,XB5954440 [provisional:mfsd8],XB-GENE-5954441
GeneID:100494289,prss8l.5,prss8l.5 (provisional),XB-GENE-22167980
GeneID:100487633,LOC100487633,XB995277 [provisional:adamtsl5],XB-GENE-995278
GeneID:100135384,LOC100135384,XB5886928 [provisional],XB-GENE-5886929
GeneID:100125173,g6pc1,g6pc1.1,XB-GENE-963989
GeneID:733726,LOC733726,XB5959819 [provisional],XB-GENE-5959820
GeneID:734122,LOC734122,XB5884180 [provisional],XB-GENE-5884181
GeneID:100497220,KIAA1614,kiaa1614,XB-GENE-6467981
GeneID:100488155,paics,paics.1,XB-GENE-965995
GeneID:100496488,LOC100496488,mhc1-uba7.5,XB-GENE-25918968
GeneID:100489074,LOC100489074,XB5765006 [provisional:trim25],XB-GENE-5765007
GeneID:100485399,KIAA1522,kiaa1522,XB-GENE-6469276
GeneID:100486968,LOC100486968,XB994846 [provisional:pycard],XB-GENE-994847
GeneID:100135222,LOC100135222,XB5949753 [provisional],XB-GENE-5949754
GeneID:100379929,c8hxorf40a,eola1,XB-GENE-1008603
GeneID:733945,LOC733945,XB5722382 [provisional],XB-GENE-5722383
GeneID:100497855,LOC100497855,XB5892783 [provisional:trpm7],XB-GENE-5892784
GeneID:100125070,KIAA0513,kiaa0513,XB-GENE-5956311
GeneID:100145107,LOC100145107,XB5745823 [provisional],XB-GENE-5745824
GeneID:100491441,LOC100491441,XB5858494 [provisional:cyp2ac1],XB-GENE-5952277
GeneID:733553,LOC733553,XB5812047 [provisional:casp7],XB-GENE-5812048
GeneID:733508,KIAA0586,kiaa0586,XB-GENE-5929458
GeneID:100489278,LOC100489278,b3galt1l.1,XB-GENE-29072393
GeneID:100492585,LOC100492585,XB5856846 [provisional],XB-GENE-5856847
GeneID:549154,LOC549154,XB5931222 [provisional],XB-GENE-5931223
GeneID:100489282,LOC100489282,XB22061507 [provisional],XB-GENE-22061508
GeneID:100493745,LOC100493745,XB5939409 [provisional:cstf3],XB-GENE-5939410
GeneID:448285,c3h15orf40,c3h15orf61,XB-GENE-946779
GeneID:100124881,ttc30a,ift70a,XB-GENE-1221159
GeneID:100135366,LOC100135366,XB5952892 [provisional],XB-GENE-5952893
GeneID:100497657,cyp2g1p,cyp2g1,XB-GENE-12564014
GeneID:496989,LOC496989,XB5726496 [provisional:tmem182],XB-GENE-5726497
GeneID:101732799,LOC101732799,b3galt2l.9,XB-GENE-29072324
GeneID:100170490,LOC100170490,XB5965330 [provisional],XB-GENE-5965331
GeneID:548390,LOC548390,XB5872372 [provisional],XB-GENE-5872373
GeneID:733474,LOC733474,XB5947741 [provisional],XB-GENE-5947742
GeneID:100493148,LOC100493148,XB5771954 [provisional:nnmt],XB-GENE-5771955
GeneID:100145100,LOC100145100,XB5761890 [provisional:nat16],XB-GENE-5761891
GeneID:100145332,rergl2,rergl2 (provisional),XB-GENE-877261
GeneID:100497107,LOC100497107,XB5876791 [provisional:olfr1019],XB-GENE-5876792
GeneID:734009,LOC734009,XB5726464 [provisional:zfp36l1],XB-GENE-5726465
GeneID:496872,serinc1,serinc1.1,XB-GENE-954990
GeneID:100496122,LOC100496122,syt13,XB-GENE-955112
GeneID:100216037,LOC100216037,XB5993342 [provisional:ist1],XB-GENE-5993343
GeneID:100486127,LOC100486127,XB5815362 [provisional:cyp2j6],XB-GENE-5815363
GeneID:100498624,XB5768883,XB5768883 [provisional],XB-GENE-5768884
GeneID:100145503,LOC100145503,XB5872720 [provisional],XB-GENE-5872721
GeneID:100216037,LOC100216037,XB5993342 [provisional:ist1],XB-GENE-5993343
GeneID:100145144,LOC100145144,XB5901661 [provisional:rabepk],XB-GENE-5901662
GeneID:733461,LOC733461,XB5967085 [provisional],XB-GENE-5967086
GeneID:100144947,LOC100144947,XB5949738 [provisional],XB-GENE-5949739
GeneID:734077,LOC734077,XB5729975 [provisional],XB-GENE-5729976
GeneID:779842,MGC147117,mgc147117,XB-GENE-5918131
GeneID:101732999,acrbp.1,acrbp,XB-GENE-22168684
GeneID:100492274,LOC100492274,XB985134 [provisional:slc7a6],XB-GENE-985135
GeneID:100498135,slc5a1,slc5a1.1,XB-GENE-855699
GeneID:100496311,LOC100496311,XB13580952 [provisional],XB-GENE-13580953
GeneID:100491404,LOC100491404,XB5970067 [provisional:hebp2],XB-GENE-5970068
GeneID:100487364,LOC100487364,XB22063241 [provisional:ly6a2],XB-GENE-22063242
GeneID:619584,LOC619584,XB5848842 (provisional),XB-GENE-5848843
GeneID:779553,LOC779553,XB5835757 [provisional],XB-GENE-5835758
GeneID:100494618,LOC100494618,mhc1-uba2.2,XB-GENE-29072292
GeneID:100488817,LOC100488817,XB5828378 [provisional],XB-GENE-5828379
GeneID:100127817,LOC100127817,XB5892957 [provisional],XB-GENE-5892958
GeneID:100490688,LOC100490688,XB5720877 [provisional:thap1],XB-GENE-5720878
GeneID:100493455,LOC100493455,zfyve28b,XB-GENE-25919023
GeneID:100485792,LOC100485792,XB5900382 [provisional:myh3],XB-GENE-5900383
GeneID:100489506,LOC100489506,ifit5 (provisional),XB-GENE-959837
GeneID:100492299,LOC100492299,XB940087 [provisional],XB-GENE-940088
GeneID:733724,LOC733724,XB5933367 [provisional],XB-GENE-5933368
GeneID:780081,MGC146850,mgc146850,XB-GENE-5871338
GeneID:594886,LOC594886,XB5945007 [provisional:nnmt],XB-GENE-5945008
GeneID:100485159,LOC100485159,XB983422 [provisional],XB-GENE-983423
GeneID:116406464,LOC116406464,axin2,XB-GENE-29072348
GeneID:100145014,LOC100145014,XB5954422 [provisional],XB-GENE-5954423
GeneID:100498263,fdx1b,fdx1l.2,XB-GENE-5934218
GeneID:100487022,LOC100487022,XB5824245 [provisional:rergl],XB-GENE-5824246
GeneID:100486192,LOC100486192,XB990428 [provisional:ifitm3],XB-GENE-990429
GeneID:100125055,LOC100125055,XB5962511 [provisional:galr2],XB-GENE-5962512
GeneID:100145486,LOC100145486,XB5854344 [provisional:nufip2],XB-GENE-5854345
GeneID:100158599,myo1e,myo1e.1,XB-GENE-1005591
GeneID:548590,MGC108147,mgc108147,XB-GENE-5914997
GeneID:595009,MGC108429,mgc108429,XB-GENE-5783434
GeneID:100216020,LOC100216020,XB5970036 [provisional],XB-GENE-5970037
GeneID:100145285,LOC100145285,XB5935727 [provisional],XB-GENE-5935728
GeneID:734077,LOC734077,XB5729975 [provisional],XB-GENE-5729976
GeneID:100498440,LOC100498440,XB5905938 [provisional:pttg1],XB-GENE-5905939
GeneID:100127794,LOC100127794,XB5937757 [provisional],XB-GENE-5937758
GeneID:100487633,LOC100487633,XB995277 [provisional:adamtsl5],XB-GENE-995278
GeneID:100489763,lrrc32,lrrc32.1,XB-GENE-994459
GeneID:779856,MGC147242,mgc147242,XB-GENE-5725349
GeneID:100485437,LOC100485437,XB5957215 [provisional],XB-GENE-5957216
GeneID:779531,LOC779531,XB5728948 [provisional:thap1],XB-GENE-5728949
GeneID:496784,LOC496784,XB5889122 [provisional],XB-GENE-5889123
GeneID:100216114,LOC100216114,XB5960519 [provisional],XB-GENE-5960520
GeneID:100145250,LOC100145250,XB5762451 [provisional],XB-GENE-5762452
GeneID:100493858,LOC100493858,XB5717431 [provisional:adad1],XB-GENE-5717432
GeneID:780158,tbc1d24,tbc1d24.1,XB-GENE-981681
GeneID:100497410,LOC100497410,XB5867320 [provisional:tspan7],XB-GENE-5867321
GeneID:100491417,LOC100491417,XB5765047 [provisional:or11l1],XB-GENE-5765048
GeneID:100494782,LOC100494782,XB5902317 [provisional:ces1c],XB-GENE-5902318
GeneID:100488544,art5l1,art5l.1,XB-GENE-6047398
GeneID:100493148,LOC100493148,XB5771954 [provisional:nnmt],XB-GENE-5771955
GeneID:100493061,LOC100493061,pde9a,XB-GENE-990244
GeneID:100216173,LOC100216173,XB5997770 [provisional],XB-GENE-5997771
GeneID:100496360,LOC100496360,XB5796700 [provisional:trim7],XB-GENE-5796701
GeneID:116408582,LOC116408582,b3galt5.6,XB-GENE-29072381
GeneID:100145419,LOC100145419,XB5856157 [provisional:endod1],XB-GENE-5856158
GeneID:100135166,KIAA0232,kiaa0232,XB-GENE-5888041
GeneID:733726,LOC733726,XB5959819 [provisional],XB-GENE-5959820
GeneID:100493845,gpr12,gpr185a,XB-GENE-995707
GeneID:100495804,LOC100495804,XB5729788 [provisional],XB-GENE-5729789
GeneID:100145604,pttg1ip,pttg1ip.1,XB-GENE-954066
GeneID:100127673,tex2,tex2.1,XB-GENE-5879889
GeneID:100494248,LOC100494248,XB5946328 [provisional:or11l1],XB-GENE-5946329
GeneID:100496911,LOC100496911,XB6038542 [provisional],XB-GENE-6038543
GeneID:100485292,LOC100485292,XB5962542 [provisional],XB-GENE-5962543
GeneID:733932,LOC733932,XB1017155 [provisional],XB-GENE-1017156
GeneID:100490503,LOC100490503,XB994119 [provisional:atp8b2],XB-GENE-994120
GeneID:779856,MGC147242,mgc147242,XB-GENE-5725349
GeneID:100145070,LOC100145070,XB5838589 [provisional:adam9],XB-GENE-5838590
GeneID:101733381,KIAA2012,kiaa2012,XB-GENE-22068568
GeneID:733556,LOC733556,XB5734924 [provisional],XB-GENE-5734925
GeneID:100492274,LOC100492274,XB985134 [provisional:slc7a6],XB-GENE-985135
GeneID:496670,LOC496670,XB5861580 [provisional],XB-GENE-5861581
GeneID:100379851,KIAA1671,kiaa1671,XB-GENE-5870967
GeneID:100493771,LOC100493771,XB5764007 [provisional:ggt1],XB-GENE-5764008
GeneID:100127805,LOC100127805,XB5885669 [provisional],XB-GENE-5885670
GeneID:100145002,LOC100145002,XB5749127 [provisional],XB-GENE-5749128
GeneID:779855,MGC147231,mgc147231,XB-GENE-5753296
GeneID:733876,rbm12b,rbm12b.1,XB-GENE-22063327
GeneID:100494782,LOC100494782,XB5902317 [provisional:ces1c],XB-GENE-5902318
GeneID:100494736,mchr1,mchr1.1,XB-GENE-1018311
GeneID:100490587,LOC100490587,XB5738616 [provisional:endod1],XB-GENE-5738617
GeneID:100494286,KIAA0319l,kiaa0319l,XB-GENE-1013370
GeneID:100498391,LOC100498391,XB5836359 [provisional:trim25],XB-GENE-5836360
GeneID:100127873,LOC100127873,XB5896631 [provisional],XB-GENE-5896632
GeneID:100488265,col11a2,col11a2p1,XB-GENE-876669
GeneID:101733873,fndc3c1l,fndc3c1l (provisional),XB-GENE-22068625
GeneID:100486858,LOC100486858,XB5962940 [provisional:ctdspl2],XB-GENE-5962941
GeneID:100494570,LOC100494570,XB5845204 [provisional:cplx4],XB-GENE-5845205
GeneID:100494397,slc2a9,slc2a15a,XB-GENE-992550
GeneID:448364,MGC89226,mgc89226,XB-GENE-5804925
GeneID:733841,LOC733841,XB5961859 [provisional:trim39],XB-GENE-5961860
GeneID:733841,LOC733841,XB5961859 [provisional:trim39],XB-GENE-5961860
GeneID:100492325,LOC100492325,XB5932119 [provisional],XB-GENE-5932120
GeneID:100490956,LOC100490956,XB5895996 [provisional:cbr1],XB-GENE-5895997
GeneID:734029,LOC734029,XB5959486 [provisional],XB-GENE-5959487
GeneID:100145000,LOC100145000,XB5740036 [provisional],XB-GENE-5740037
GeneID:496998,LOC496998,XB5897337 [provisional],XB-GENE-5897338
GeneID:100036702,LOC100036702,XB5934250 [provisional],XB-GENE-5934251
GeneID:100170428,LOC100170428,XB5961763 [provisional],XB-GENE-5961764
GeneID:733539,LOC733539,XB5733004 [provisional],XB-GENE-5733005
GeneID:100498440,LOC100498440,XB5905938 [provisional:pttg1],XB-GENE-5905939
GeneID:100486342,LOC100486342,XB990816 [provisional:gcnt3],XB-GENE-990817
GeneID:100145527,LOC100145527,XB5885308 [provisional:ncoa5],XB-GENE-5885309
GeneID:100491169,ripk3l,ripk3l.1,XB-GENE-22167184
GeneID:734071,LOC734071,XB5796436 [provisional:mgst3],XB-GENE-5796437
GeneID:100489062,LOC100489062,pak2 (provisional),XB-GENE-940520
GeneID:100489456,LOC100489456,XB5949052 [provisional],XB-GENE-5949053
GeneID:100533180,palm2,palm2akap2,XB-GENE-961312
GeneID:100170576,KIAA1210,kiaa1210,XB-GENE-5872817
GeneID:100125070,KIAA0513,kiaa0513,XB-GENE-5956311
GeneID:100037837,myof,myof.1,XB-GENE-5957842
GeneID:100485635,LOC100485635,XB5727634 [provisional],XB-GENE-5727635
GeneID:100494087,mypop2,mypop2 (provisional),XB-GENE-22169523
GeneID:100533180,palm2,palm2akap2,XB-GENE-961312
GeneID:100497855,LOC100497855,XB5892783 [provisional:trpm7],XB-GENE-5892784
GeneID:594965,MGC107841,mgc107841,XB-GENE-5779684
GeneID:595014,pglyrp1l,pglyrp1-like.1,XB-GENE-5778936
GeneID:100496808,LOC100496808,XB5722040 [provisional],XB-GENE-5722041
GeneID:548655,LOC548655,XB5901009 [provisional],XB-GENE-5901010
GeneID:448364,MGC89226,mgc89226,XB-GENE-5804925
GeneID:448285,c3h15orf40,c3h15orf61,XB-GENE-946779
GeneID:448277,LOC448277,col11a2,XB-GENE-12564499
GeneID:100037837,myof,myof.1,XB-GENE-5957842
GeneID:100533180,palm2,palm2akap2,XB-GENE-961312
GeneID:780081,MGC146850,mgc146850,XB-GENE-5871338
GeneID:100036663,LOC100036663,XB5952314 (provisional),XB-GENE-5952315
GeneID:100488155,paics,paics.1,XB-GENE-965995
GeneID:100135200,KIAA0930,kiaa0930,XB-GENE-979872
GeneID:105946568,LOC105946568,krt78.8,XB-GENE-19777938
GeneID:100497220,KIAA1614,kiaa1614,XB-GENE-6467981
GeneID:100493858,LOC100493858,XB5717431 [provisional:adad1],XB-GENE-5717432
GeneID:100488828,LOC100488828,XB22062446 [provisional],XB-GENE-22062447
GeneID:100145743,LOC100145743,XB5732280 [provisional],XB-GENE-5732281
GeneID:100494793,LOC100494793,XB5786944 [provisional:lnx2],XB-GENE-5786945
GeneID:100494087,mypop2,mypop2 (provisional),XB-GENE-22169523
GeneID:100533180,palm2,palm2akap2,XB-GENE-961312
GeneID:100485153,LOC100485153,XB5965586 [provisional:nfkbiz],XB-GENE-5965587
GeneID:100496212,KIAA1217,kiaa1217,XB-GENE-6048493
GeneID:100494922,LOC100494922,XB5844015 [provisional:capn2],XB-GENE-5844016
GeneID:733928,LOC733928,XB5799681 [provisional:znf26],XB-GENE-5799682
GeneID:100145782,LOC100145782,XB5845012 [provisional:tm4sf5],XB-GENE-5845013
GeneID:100485051,LOC100485051,XB996291 [provisional],XB-GENE-996292
GeneID:100170576,KIAA1210,kiaa1210,XB-GENE-5872817
GeneID:779622,med1l,med1,XB-GENE-479809
GeneID:100489238,LOC100489238,XB1010452 [provisional],XB-GENE-1010453
GeneID:100485051,LOC100485051,XB996291 [provisional],XB-GENE-996292
GeneID:100124881,ttc30a,ift70a,XB-GENE-1221159
GeneID:100496212,KIAA1217,kiaa1217,XB-GENE-6048493
GeneID:100145049,MGC86483,mgc86483,XB-GENE-22169482
GeneID:100495603,LOC100495603,XB5795725 [provisional],XB-GENE-5795726
GeneID:101731566,znf783,znf783 (provisional),XB-GENE-22065602
GeneID:101731566,znf783,znf783 (provisional),XB-GENE-22065602
GeneID:101731566,znf783,znf783 (provisional),XB-GENE-22065602
GeneID:549175,uhrf1bp1,bltp3a,XB-GENE-920777
GeneID:100489238,LOC100489238,XB1010452 [provisional],XB-GENE-1010453
GeneID:100144969,LOC100144969,XB5936512 [provisional],XB-GENE-5936513
GeneID:100488265,col11a2,col11a2p1,XB-GENE-876669
GeneID:100488265,col11a2,col11a2p1,XB-GENE-876669
GeneID:100144955,fucolectin,fucolectin-e,XB-GENE-5839288
GeneID:100145000,LOC100145000,XB5740036 [provisional],XB-GENE-5740037
GeneID:447994,MGC69416,mgc69416,XB-GENE-5870754
GeneID:100144947,LOC100144947,XB5949738 [provisional],XB-GENE-5949739
GeneID:100491211,LOC100491211,loc100491211,XB-GENE-5953489
GeneID:496872,serinc1,serinc1.1,XB-GENE-954990
GeneID:100496212,KIAA1217,kiaa1217,XB-GENE-6048493
GeneID:394645,rrm2,rrm2.1,XB-GENE-947052
GeneID:780261,mtss1,mtss1.1,XB-GENE-1013322
GeneID:100216114,LOC100216114,XB5960519 [provisional],XB-GENE-5960520
GeneID:100144286,LOC100144286,XB5730431 [provisional],XB-GENE-5730432
GeneID:100496212,KIAA1217,kiaa1217,XB-GENE-6048493
GeneID:100145324,stra6l,stra6l.1,XB-GENE-988722
GeneID:733858,LOC733858,XB5954440 [provisional:mfsd8],XB-GENE-5954441
GeneID:100144919,LOC100144919,XB5850668 [provisional],XB-GENE-5850669
GeneID:101731566,znf783,znf783 (provisional),XB-GENE-22065602
GeneID:100485159,LOC100485159,XB983422 [provisional],XB-GENE-983423
GeneID:100135183,slc15al,slc51a-like.1,XB-GENE-5838770
GeneID:100135183,slc15al,slc51a-like.1,XB-GENE-5838770
GeneID:100145149,LOC100145149,XB5852426 [provisional:aprt],XB-GENE-5852427
GeneID:100170432,LOC100170432,XB5816429 [provisional:mecr],XB-GENE-5816430
GeneID:100036663,LOC100036663,XB5952314 (provisional),XB-GENE-5952315
GeneID:100496212,KIAA1217,kiaa1217,XB-GENE-6048493
GeneID:100496212,KIAA1217,kiaa1217,XB-GENE-6048493
GeneID:100496212,KIAA1217,kiaa1217,XB-GENE-6048493
GeneID:100037837,myof,myof.1,XB-GENE-5957842
GeneID:100037837,myof,myof.1,XB-GENE-5957842
GeneID:100498039,LOC100498039,XB5950266 [provisional],XB-GENE-5950267
GeneID:100489238,LOC100489238,XB1010452 [provisional],XB-GENE-1010453
GeneID:100488155,paics,paics.1,XB-GENE-965995
GeneID:100533180,palm2,palm2akap2,XB-GENE-961312
GeneID:100533180,palm2,palm2akap2,XB-GENE-961312
GeneID:496913,LOC496913,XB964428 [provisional:pgc],XB-GENE-964429
GeneID:733728,LOC733728,XB5893022 [provisional],XB-GENE-5893023
GeneID:100488155,paics,paics.1,XB-GENE-965995
GeneID:101731543,LOC101731543,XB22061515 [provisional],XB-GENE-22061516
GeneID:100127872,LOC100127872,XB5818974 [provisional],XB-GENE-5818975
GeneID:448510,slc22a15,slc22a15.1,XB-GENE-959503
GeneID:100485546,slc7a2,slc7a2.1,XB-GENE-994549
GeneID:100127872,LOC100127872,XB5818974 [provisional],XB-GENE-5818975
GeneID:100489773,LOC100489773,XB5826631 [provisional:asap2],XB-GENE-5826632
GeneID:100496212,KIAA1217,kiaa1217,XB-GENE-6048493
GeneID:100488265,col11a2,col11a2p1,XB-GENE-876669
GeneID:101730243,LOC101730243,morc3.4,XB-GENE-23659767
GeneID:493451,MGC88898,mgc88898,XB-GENE-5752212
GeneID:733928,LOC733928,XB5799681 [provisional:znf26],XB-GENE-5799682
GeneID:101731566,znf783,znf783 (provisional),XB-GENE-22065602
GeneID:100498440,LOC100498440,XB5905938 [provisional:pttg1],XB-GENE-5905939
GeneID:100485635,LOC100485635,XB5727634 [provisional],XB-GENE-5727635
GeneID:100494397,slc2a9,slc2a15a,XB-GENE-992550
GeneID:100125002,fam189b,entrep3,XB-GENE-939998
GeneID:100496293,LOC100496293,XB5917669 [provisional],XB-GENE-5917670
GeneID:100488265,col11a2,col11a2p1,XB-GENE-876669
GeneID:780261,mtss1,mtss1.1,XB-GENE-1013322
GeneID:100037837,myof,myof.1,XB-GENE-5957842
GeneID:100491211,LOC100491211,loc100491211,XB-GENE-5953489
GeneID:394645,rrm2,rrm2.1,XB-GENE-947052
GeneID:100485399,KIAA1522,kiaa1522,XB-GENE-6469276
GeneID:779553,LOC779553,XB5835757 [provisional],XB-GENE-5835758
GeneID:100490513,LOC100490513,morc3.3,XB-GENE-23659763
GeneID:100496212,KIAA1217,kiaa1217,XB-GENE-6048493
GeneID:100498440,LOC100498440,XB5905938 [provisional:pttg1],XB-GENE-5905939
GeneID:100488817,LOC100488817,XB5828378 [provisional],XB-GENE-5828379
GeneID:100497555,LOC100497555,XB5721690 [provisional],XB-GENE-5721691
GeneID:100038139,tdgf1,tdgf1.1,XB-GENE-495111
GeneID:100487104,LOC100487104,XB5920187 [provisional],XB-GENE-5920188
GeneID:100498371,LOC100498371,XB5959262 [provisional:lbh],XB-GENE-5959263
GeneID:100496109,LOC100496109,XB1001094 [provisional:cyp27a1],XB-GENE-1001095
GeneID:100145470,LOC100145470,XB5829483 [provisional],XB-GENE-5829484
GeneID:100145470,LOC100145470,XB5829483 [provisional],XB-GENE-5829484
GeneID:100498371,LOC100498371,XB5959262 [provisional:lbh],XB-GENE-5959263
GeneID:548590,MGC108147,mgc108147,XB-GENE-5914997
GeneID:100488454,c3h15orf61,c15orf61,XB-GENE-6034917
GeneID:100490896,azgp1,azgp1 (provisional),XB-GENE-5894693
GeneID:549175,uhrf1bp1,bltp3a,XB-GENE-920777
GeneID:100037837,myof,myof.1,XB-GENE-5957842
GeneID:100216027,LOC100216027,XB5994047 [provisional],XB-GENE-5994048
GeneID:100145323,LOC100145323,XB5769266 [provisional],XB-GENE-5769267
GeneID:100489326,LOC100489326,art5l.2,XB-GENE-5799089
GeneID:100170467,KIAA1958,kiaa1958,XB-GENE-5969966
GeneID:100497030,LOC100497030,XB5822195 [provisional],XB-GENE-5822196
GeneID:100486434,LOC100486434,XB5891720 [provisional],XB-GENE-5891721
GeneID:100498261,phka2,phka1p1,XB-GENE-1012252
GeneID:100485399,KIAA1522,kiaa1522,XB-GENE-6469276
GeneID:100496133,LOC100496133,XB5719931 [provisional],XB-GENE-5719932
GeneID:100496212,KIAA1217,kiaa1217,XB-GENE-6048493
GeneID:100495408,LOC100495408,XB5867546 [provisional],XB-GENE-5867547
GeneID:100485437,LOC100485437,XB5957215 [provisional],XB-GENE-5957216
GeneID:100497030,LOC100497030,XB5822195 [provisional],XB-GENE-5822196
GeneID:100492268,LOC100492268,XB5732857 [provisional:gm15246],XB-GENE-5732858
GeneID:100493164,LOC100493164,XB5730473 [provisional],XB-GENE-5730474
GeneID:100496212,KIAA1217,kiaa1217,XB-GENE-6048493
GeneID:100486056,LOC100486056,XB5896327 [provisional:trim25],XB-GENE-5896328
GeneID:100145470,LOC100145470,XB5829483 [provisional],XB-GENE-5829484
GeneID:100144286,LOC100144286,XB5730431 [provisional],XB-GENE-5730432
GeneID:493204,LOC493204,XB5956430 [provisional:ssuh2],XB-GENE-5956431
GeneID:101730243,LOC101730243,morc3.4,XB-GENE-23659767
GeneID:100490513,LOC100490513,morc3.3,XB-GENE-23659763
GeneID:493451,MGC88898,mgc88898,XB-GENE-5752212
GeneID:100135231,LOC100135231,XB5872520 [provisional],XB-GENE-5872521
GeneID:100158599,myo1e,myo1e.1,XB-GENE-1005591
GeneID:448677,MGC89871,mgc89871,XB-GENE-973579
GeneID:549175,uhrf1bp1,bltp3a,XB-GENE-920777
GeneID:100145496,LOC100145496,XB5760632 [provisional:paox],XB-GENE-5760633
GeneID:100170467,KIAA1958,kiaa1958,XB-GENE-5969966
GeneID:100498261,phka2,phka1p1,XB-GENE-1012252
GeneID:101733381,KIAA2012,kiaa2012,XB-GENE-22068568
GeneID:101733381,KIAA2012,kiaa2012,XB-GENE-22068568
GeneID:100492268,LOC100492268,XB5732857 [provisional:gm15246],XB-GENE-5732858
GeneID:100486434,LOC100486434,XB5891720 [provisional],XB-GENE-5891721
GeneID:100498278,stat3,stat3.1,XB-GENE-481047
GeneID:100496633,LOC100496633,XB5913776 [provisional:atpsckmt],XB-GENE-5913777
GeneID:100380149,axin2,axin2l,XB-GENE-6449828
GeneID:100489276,LOC100489276,XB5806301 [provisional:pinlyp],XB-GENE-5806302
GeneID:101733381,KIAA2012,kiaa2012,XB-GENE-22068568
GeneID:100486056,LOC100486056,XB5896327 [provisional:trim25],XB-GENE-5896328
GeneID:100170427,LOC100170427,XB5882685 [provisional:cdca7],XB-GENE-5882686
GeneID:100127794,LOC100127794,XB5937757 [provisional],XB-GENE-5937758
GeneID:100496633,LOC100496633,XB5913776 [provisional:atpsckmt],XB-GENE-5913777
GeneID:100496212,KIAA1217,kiaa1217,XB-GENE-6048493
GeneID:100489238,LOC100489238,XB1010452 [provisional],XB-GENE-1010453
GeneID:780261,mtss1,mtss1.1,XB-GENE-1013322
GeneID:100488265,col11a2,col11a2p1,XB-GENE-876669
GeneID:100493594,ptprvl,ptprvl (provisional),XB-GENE-22169589
GeneID:100486876,LOC100486876,XB5749398 [provisional],XB-GENE-5749399
GeneID:100485792,LOC100485792,XB5900382 [provisional:myh3],XB-GENE-5900383
GeneID:100486434,LOC100486434,XB5891720 [provisional],XB-GENE-5891721
GeneID:100145165,LOC100145165,XB5809687 [provisional],XB-GENE-5809688
GeneID:100494680,LOC100494680,XB5846730 [provisional:nnmt],XB-GENE-5846731
GeneID:100145503,LOC100145503,XB5872720 [provisional],XB-GENE-5872721
GeneID:100144286,LOC100144286,XB5730431 [provisional],XB-GENE-5730432
GeneID:733728,LOC733728,XB5893022 [provisional],XB-GENE-5893023
GeneID:100498440,LOC100498440,XB5905938 [provisional:pttg1],XB-GENE-5905939
GeneID:100492268,LOC100492268,XB5732857 [provisional:gm15246],XB-GENE-5732858
GeneID:100127872,LOC100127872,XB5818974 [provisional],XB-GENE-5818975
GeneID:100497555,LOC100497555,XB5721690 [provisional],XB-GENE-5721691
GeneID:100498440,LOC100498440,XB5905938 [provisional:pttg1],XB-GENE-5905939
GeneID:100497855,LOC100497855,XB5892783 [provisional:trpm7],XB-GENE-5892784
GeneID:100127872,LOC100127872,XB5818974 [provisional],XB-GENE-5818975
GeneID:100158595,LOC100158595,XB5721468 [provisional],XB-GENE-5721469
GeneID:100216173,LOC100216173,XB5997770 [provisional],XB-GENE-5997771
GeneID:100488265,col11a2,col11a2p1,XB-GENE-876669
GeneID:100490956,LOC100490956,XB5895996 [provisional:cbr1],XB-GENE-5895997
GeneID:733858,LOC733858,XB5954440 [provisional:mfsd8],XB-GENE-5954441
GeneID:100125092,LOC100125092,XB5817455 [provisional:hs3st1],XB-GENE-5817456
GeneID:100498255,KIAA0825,kiaa0825,XB-GENE-877130
GeneID:100497855,LOC100497855,XB5892783 [provisional:trpm7],XB-GENE-5892784
GeneID:100497855,LOC100497855,XB5892783 [provisional:trpm7],XB-GENE-5892784
GeneID:100496293,LOC100496293,XB5917669 [provisional],XB-GENE-5917670
GeneID:100497855,LOC100497855,XB5892783 [provisional:trpm7],XB-GENE-5892784
GeneID:100125120,prpf39,prpf39.1,XB-GENE-994634
GeneID:779856,MGC147242,mgc147242,XB-GENE-5725349
GeneID:394505,slc5a8,slc5a8.1,XB-GENE-479634
GeneID:100135367,LOC100135367,XB941699 [provisional],XB-GENE-941700
GeneID:779807,MGC146443,mgc146443,XB-GENE-5770400
GeneID:100497855,LOC100497855,XB5892783 [provisional:trpm7],XB-GENE-5892784
GeneID:100497855,LOC100497855,XB5892783 [provisional:trpm7],XB-GENE-5892784
GeneID:100170549,LOC100170549,XB5969698 [provisional:lamb4],XB-GENE-5969699
GeneID:550017,slc66a2,slc66a2.1,XB-GENE-988363
GeneID:100488155,paics,paics.1,XB-GENE-965995
GeneID:100487104,LOC100487104,XB5920187 [provisional],XB-GENE-5920188
GeneID:100497855,LOC100497855,XB5892783 [provisional:trpm7],XB-GENE-5892784
GeneID:100170560,LOC100170560,XB964897 [provisional:lrrc8c],XB-GENE-964898
GeneID:100498450,LOC100498450,XB5811292 [provisional],XB-GENE-5811293
GeneID:100170467,KIAA1958,kiaa1958,XB-GENE-5969966
GeneID:100492579,LOC100492579,XB5735880 [provisional],XB-GENE-5735881
GeneID:780086,MGC147226,mgc147226,XB-GENE-5822220
GeneID:100135231,LOC100135231,XB5872520 [provisional],XB-GENE-5872521
GeneID:100494286,KIAA0319l,kiaa0319l,XB-GENE-1013370
GeneID:100497855,LOC100497855,XB5892783 [provisional:trpm7],XB-GENE-5892784
GeneID:100497855,LOC100497855,XB5892783 [provisional:trpm7],XB-GENE-5892784
GeneID:100486876,LOC100486876,XB5749398 [provisional],XB-GENE-5749399
GeneID:100489773,LOC100489773,XB5826631 [provisional:asap2],XB-GENE-5826632
GeneID:100037837,myof,myof.1,XB-GENE-5957842
GeneID:100496212,KIAA1217,kiaa1217,XB-GENE-6048493
GeneID:448006,MGC69493,mgc69493,XB-GENE-485728
GeneID:100491633,LOC100491633,XB5759208 [provisional],XB-GENE-5759209
GeneID:100145417,KIAA1191,kiaa1191,XB-GENE-991069
